-- MySQL dump 10.13  Distrib 8.0.40, for Win64 (x86_64)
--
-- Host: localhost    Database: gym_management
-- ------------------------------------------------------
-- Server version	8.0.40

/*!40101 SET @OLD_CHARACTER_SET_CLIENT=@@CHARACTER_SET_CLIENT */;
/*!40101 SET @OLD_CHARACTER_SET_RESULTS=@@CHARACTER_SET_RESULTS */;
/*!40101 SET @OLD_COLLATION_CONNECTION=@@COLLATION_CONNECTION */;
/*!50503 SET NAMES utf8mb4 */;
/*!40103 SET @OLD_TIME_ZONE=@@TIME_ZONE */;
/*!40103 SET TIME_ZONE='+00:00' */;
/*!40014 SET @OLD_UNIQUE_CHECKS=@@UNIQUE_CHECKS, UNIQUE_CHECKS=0 */;
/*!40014 SET @OLD_FOREIGN_KEY_CHECKS=@@FOREIGN_KEY_CHECKS, FOREIGN_KEY_CHECKS=0 */;
/*!40101 SET @OLD_SQL_MODE=@@SQL_MODE, SQL_MODE='NO_AUTO_VALUE_ON_ZERO' */;
/*!40111 SET @OLD_SQL_NOTES=@@SQL_NOTES, SQL_NOTES=0 */;

--
-- Table structure for table `class_categories`
--

DROP TABLE IF EXISTS `class_categories`;
/*!40101 SET @saved_cs_client     = @@character_set_client */;
/*!50503 SET character_set_client = utf8mb4 */;
CREATE TABLE `class_categories` (
  `id` int NOT NULL AUTO_INCREMENT,
  `name` varchar(50) NOT NULL,
  `description` varchar(255) DEFAULT NULL,
  PRIMARY KEY (`id`),
  UNIQUE KEY `id_UNIQUE` (`id`)
) ENGINE=InnoDB AUTO_INCREMENT=8 DEFAULT CHARSET=utf8mb4 COLLATE=utf8mb4_0900_ai_ci;
/*!40101 SET character_set_client = @saved_cs_client */;

--
-- Dumping data for table `class_categories`
--

LOCK TABLES `class_categories` WRITE;
/*!40000 ALTER TABLE `class_categories` DISABLE KEYS */;
INSERT INTO `class_categories` VALUES (1,'Functional Fitness','A class that focuses on exercises that mimic everyday activities to improve overall strength and mobility.'),(2,'Plyometrics','Exercises that involve explosive movements, often used in CrossFit workouts.'),(3,'HIIT','High-Intensity Interval Training that alternates between short bursts of intense activity and rest periods.'),(4,'Boot Camp','A challenging workout that combines strength training and cardio in a military-style format.'),(5,'Circuit Training','A series of exercises performed in rotation to improve strength and endurance with minimal rest.'),(6,'Body Pump','A barbell-based workout that strengthens your entire body using light to moderate weights with lots of repetition.'),(7,'Zumba','A dance-based fitness class that combines Latin and international music with dance moves for a fun workout experience.');
/*!40000 ALTER TABLE `class_categories` ENABLE KEYS */;
UNLOCK TABLES;

--
-- Table structure for table `class_signups`
--

DROP TABLE IF EXISTS `class_signups`;
/*!40101 SET @saved_cs_client     = @@character_set_client */;
/*!50503 SET character_set_client = utf8mb4 */;
CREATE TABLE `class_signups` (
  `id` int NOT NULL AUTO_INCREMENT,
  `user_id` int NOT NULL,
  `class_id` int NOT NULL,
  `signup_date` datetime DEFAULT CURRENT_TIMESTAMP,
  PRIMARY KEY (`id`),
  UNIQUE KEY `unique_user_class` (`user_id`,`class_id`),
  KEY `class_signups_ibfk_2` (`class_id`),
  CONSTRAINT `class_signups_ibfk_1` FOREIGN KEY (`user_id`) REFERENCES `users` (`id`),
  CONSTRAINT `class_signups_ibfk_2` FOREIGN KEY (`class_id`) REFERENCES `classes` (`id`)
) ENGINE=InnoDB AUTO_INCREMENT=620 DEFAULT CHARSET=utf8mb4 COLLATE=utf8mb4_0900_ai_ci;
/*!40101 SET character_set_client = @saved_cs_client */;

--
-- Dumping data for table `class_signups`
--

LOCK TABLES `class_signups` WRITE;
/*!40000 ALTER TABLE `class_signups` DISABLE KEYS */;
INSERT INTO `class_signups` VALUES (403,2,169,'2024-11-27 18:24:48'),(438,2,190,'2024-12-03 13:32:38'),(439,2,197,'2024-12-03 13:32:38'),(440,2,194,'2024-12-03 13:32:54'),(441,2,199,'2024-12-03 14:00:57'),(470,2,253,'2024-12-10 17:44:52'),(473,2,274,'2024-12-10 17:44:53'),(505,2,333,'2024-12-10 19:57:46'),(506,2,229,'2024-12-10 19:58:25'),(512,2,259,'2024-12-11 14:24:59'),(515,2,271,'2024-12-11 14:27:24'),(528,2,326,'2024-12-12 22:31:10'),(575,2,364,'2025-01-04 16:35:29'),(576,2,370,'2025-01-04 16:35:32'),(579,2,381,'2025-01-04 16:35:43'),(584,2,375,'2025-01-04 23:06:54'),(591,1,389,'2025-01-11 00:15:16'),(592,1,390,'2025-01-11 00:15:17'),(593,2,391,'2025-01-11 12:06:01'),(594,2,397,'2025-01-11 12:06:02'),(595,2,403,'2025-01-11 12:06:03'),(603,2,412,'2025-01-16 13:16:41'),(604,2,417,'2025-01-16 13:16:44'),(605,2,423,'2025-01-16 13:16:46'),(606,2,430,'2025-01-16 13:16:47'),(607,2,439,'2025-01-16 13:16:48'),(608,1,418,'2025-01-16 13:28:13'),(609,1,424,'2025-01-16 13:28:15'),(611,1,433,'2025-01-16 13:28:18'),(612,1,439,'2025-01-16 13:28:38'),(613,1,444,'2025-01-16 13:28:39'),(615,2,463,'2025-01-16 17:16:04'),(616,2,453,'2025-01-16 17:16:05'),(619,1,467,'2025-01-16 17:17:53');
/*!40000 ALTER TABLE `class_signups` ENABLE KEYS */;
UNLOCK TABLES;

--
-- Table structure for table `classes`
--

DROP TABLE IF EXISTS `classes`;
/*!40101 SET @saved_cs_client     = @@character_set_client */;
/*!50503 SET character_set_client = utf8mb4 */;
CREATE TABLE `classes` (
  `id` int NOT NULL AUTO_INCREMENT,
  `start_time` datetime NOT NULL,
  `end_time` datetime NOT NULL,
  `coach_id` int NOT NULL,
  `category_id` int NOT NULL,
  PRIMARY KEY (`id`),
  UNIQUE KEY `id_UNIQUE` (`id`),
  KEY `classes_ibfk_1` (`coach_id`),
  KEY `classes_ibfk_2` (`category_id`),
  CONSTRAINT `classes_ibfk_1` FOREIGN KEY (`coach_id`) REFERENCES `coaches` (`id`),
  CONSTRAINT `classes_ibfk_2` FOREIGN KEY (`category_id`) REFERENCES `class_categories` (`id`)
) ENGINE=InnoDB AUTO_INCREMENT=996 DEFAULT CHARSET=utf8mb4 COLLATE=utf8mb4_0900_ai_ci;
/*!40101 SET character_set_client = @saved_cs_client */;

--
-- Dumping data for table `classes`
--

LOCK TABLES `classes` WRITE;
/*!40000 ALTER TABLE `classes` DISABLE KEYS */;
INSERT INTO `classes` VALUES (21,'2024-11-01 05:30:00','2024-11-01 06:30:00',4,4),(22,'2024-11-01 07:00:00','2024-11-01 08:00:00',3,3),(23,'2024-11-01 08:30:00','2024-11-01 09:30:00',2,6),(26,'2024-11-01 17:30:00','2024-11-01 18:30:00',1,3),(27,'2024-11-01 19:00:00','2024-11-01 20:00:00',5,6),(28,'2024-11-02 08:00:00','2024-11-02 09:00:00',2,7),(29,'2024-11-02 09:30:00','2024-11-02 10:30:00',5,1),(30,'2024-11-04 05:30:00','2024-11-04 06:30:00',5,3),(31,'2024-11-04 07:00:00','2024-11-04 08:00:00',3,6),(32,'2024-11-04 08:30:00','2024-11-04 09:30:00',1,5),(35,'2024-11-04 17:30:00','2024-11-04 18:30:00',2,2),(36,'2024-11-04 19:00:00','2024-11-04 20:00:00',5,6),(37,'2024-11-05 05:30:00','2024-11-05 06:30:00',3,7),(38,'2024-11-05 07:00:00','2024-11-05 08:00:00',5,2),(39,'2024-11-05 08:30:00','2024-11-05 09:30:00',4,7),(42,'2024-11-05 17:30:00','2024-11-05 18:30:00',4,1),(43,'2024-11-05 19:00:00','2024-11-05 20:00:00',3,1),(44,'2024-11-06 05:30:00','2024-11-06 06:30:00',1,6),(45,'2024-11-06 07:00:00','2024-11-06 08:00:00',2,1),(46,'2024-11-06 08:30:00','2024-11-06 09:30:00',2,3),(49,'2024-11-06 17:30:00','2024-11-06 18:30:00',2,2),(50,'2024-11-06 19:00:00','2024-11-06 20:00:00',1,5),(51,'2024-11-07 05:30:00','2024-11-07 06:30:00',3,3),(52,'2024-11-07 07:00:00','2024-11-07 08:00:00',4,3),(53,'2024-11-07 08:30:00','2024-11-07 09:30:00',4,2),(56,'2024-11-07 17:30:00','2024-11-07 18:30:00',5,2),(57,'2024-11-07 19:00:00','2024-11-07 20:00:00',4,3),(58,'2024-11-08 05:30:00','2024-11-08 06:30:00',2,7),(59,'2024-11-08 07:00:00','2024-11-08 08:00:00',4,5),(60,'2024-11-08 08:30:00','2024-11-08 09:30:00',3,1),(63,'2024-11-08 17:30:00','2024-11-08 18:30:00',1,4),(64,'2024-11-08 19:00:00','2024-11-08 20:00:00',5,4),(65,'2024-11-09 08:00:00','2024-11-09 09:00:00',4,4),(66,'2024-11-09 09:30:00','2024-11-09 10:30:00',3,4),(67,'2024-11-11 05:30:00','2024-11-11 06:30:00',2,3),(68,'2024-11-11 07:00:00','2024-11-11 08:00:00',2,1),(69,'2024-11-11 08:30:00','2024-11-11 09:30:00',2,7),(72,'2024-11-11 17:30:00','2024-11-11 18:30:00',1,4),(73,'2024-11-11 19:00:00','2024-11-11 20:00:00',2,5),(74,'2024-11-12 05:30:00','2024-11-12 06:30:00',3,2),(75,'2024-11-12 07:00:00','2024-11-12 08:00:00',5,5),(76,'2024-11-12 08:30:00','2024-11-12 09:30:00',3,3),(79,'2024-11-12 17:30:00','2024-11-12 18:30:00',3,6),(80,'2024-11-12 19:00:00','2024-11-12 20:00:00',1,2),(81,'2024-11-13 05:30:00','2024-11-13 06:30:00',1,1),(82,'2024-11-13 07:00:00','2024-11-13 08:00:00',2,1),(83,'2024-11-13 08:30:00','2024-11-13 09:30:00',1,4),(86,'2024-11-13 17:30:00','2024-11-13 18:30:00',1,5),(87,'2024-11-13 19:00:00','2024-11-13 20:00:00',3,3),(88,'2024-11-14 05:30:00','2024-11-14 06:30:00',1,5),(89,'2024-11-14 07:00:00','2024-11-14 08:00:00',5,4),(90,'2024-11-14 08:30:00','2024-11-14 09:30:00',1,6),(93,'2024-11-14 17:30:00','2024-11-14 18:30:00',2,1),(94,'2024-11-14 19:00:00','2024-11-14 20:00:00',3,2),(95,'2024-11-15 05:30:00','2024-11-15 06:30:00',5,1),(96,'2024-11-15 07:00:00','2024-11-15 08:00:00',3,2),(97,'2024-11-15 08:30:00','2024-11-15 09:30:00',5,6),(100,'2024-11-15 17:30:00','2024-11-15 18:30:00',1,3),(101,'2024-11-15 19:00:00','2024-11-15 20:00:00',4,3),(102,'2024-11-16 08:00:00','2024-11-16 09:00:00',2,4),(103,'2024-11-16 09:30:00','2024-11-16 10:30:00',2,3),(104,'2024-11-18 05:30:00','2024-11-18 06:30:00',1,4),(105,'2024-11-18 07:00:00','2024-11-18 08:00:00',2,7),(106,'2024-11-18 08:30:00','2024-11-18 09:30:00',3,6),(109,'2024-11-18 17:30:00','2024-11-18 18:30:00',4,3),(110,'2024-11-18 19:00:00','2024-11-18 20:00:00',5,1),(111,'2024-11-19 05:30:00','2024-11-19 06:30:00',5,5),(112,'2024-11-19 07:00:00','2024-11-19 08:00:00',2,2),(113,'2024-11-19 08:30:00','2024-11-19 09:30:00',3,2),(116,'2024-11-19 17:30:00','2024-11-19 18:30:00',3,7),(117,'2024-11-19 19:00:00','2024-11-19 20:00:00',3,3),(125,'2024-11-21 05:30:00','2024-11-21 06:30:00',3,4),(126,'2024-11-21 07:00:00','2024-11-21 08:00:00',2,5),(127,'2024-11-21 08:30:00','2024-11-21 09:30:00',3,5),(130,'2024-11-21 17:30:00','2024-11-21 18:30:00',1,4),(131,'2024-11-21 19:00:00','2024-11-21 20:00:00',2,5),(132,'2024-11-22 05:30:00','2024-11-22 06:30:00',2,7),(133,'2024-11-22 07:00:00','2024-11-22 08:00:00',3,2),(134,'2024-11-22 08:30:00','2024-11-22 09:30:00',4,6),(137,'2024-11-22 17:30:00','2024-11-22 18:30:00',2,7),(138,'2024-11-22 19:00:00','2024-11-22 20:00:00',1,1),(139,'2024-11-23 08:00:00','2024-11-23 09:00:00',4,3),(140,'2024-11-23 09:30:00','2024-11-23 10:30:00',3,1),(141,'2024-11-25 05:30:00','2024-11-25 06:30:00',1,2),(142,'2024-11-25 07:00:00','2024-11-25 08:00:00',1,6),(143,'2024-11-25 08:30:00','2024-11-25 09:30:00',3,4),(146,'2024-11-25 17:30:00','2024-11-25 18:30:00',2,7),(147,'2024-11-25 19:00:00','2024-11-25 20:00:00',4,1),(148,'2024-11-26 05:30:00','2024-11-26 06:30:00',4,5),(149,'2024-11-26 07:00:00','2024-11-26 08:00:00',1,4),(150,'2024-11-26 08:30:00','2024-11-26 09:30:00',3,2),(153,'2024-11-26 17:30:00','2024-11-26 18:30:00',4,2),(154,'2024-11-26 19:00:00','2024-11-26 20:00:00',2,4),(155,'2024-11-27 05:30:00','2024-11-27 06:30:00',5,1),(156,'2024-11-27 07:00:00','2024-11-27 08:00:00',4,3),(157,'2024-11-27 08:30:00','2024-11-27 09:30:00',1,2),(160,'2024-11-27 17:30:00','2024-11-27 18:30:00',3,7),(161,'2024-11-27 19:00:00','2024-11-27 20:00:00',2,3),(162,'2024-11-28 05:30:00','2024-11-28 06:30:00',2,2),(163,'2024-11-28 07:00:00','2024-11-28 08:00:00',3,1),(164,'2024-11-28 08:30:00','2024-11-28 09:30:00',3,7),(167,'2024-11-28 17:30:00','2024-11-28 18:30:00',4,1),(168,'2024-11-28 19:00:00','2024-11-28 20:00:00',4,5),(169,'2024-11-29 05:30:00','2024-11-29 06:30:00',3,2),(170,'2024-11-29 07:00:00','2024-11-29 08:00:00',2,3),(171,'2024-11-29 08:30:00','2024-11-29 09:30:00',4,1),(174,'2024-11-29 17:30:00','2024-11-29 18:30:00',5,6),(175,'2024-11-29 19:00:00','2024-11-29 20:00:00',4,7),(176,'2024-11-30 08:00:00','2024-11-30 09:00:00',5,3),(177,'2024-11-30 09:30:00','2024-11-30 10:30:00',1,7),(178,'2024-12-02 05:30:00','2024-12-02 06:30:00',2,6),(179,'2024-12-02 07:00:00','2024-12-02 08:00:00',5,7),(180,'2024-12-02 08:30:00','2024-12-02 09:30:00',2,4),(183,'2024-12-02 17:30:00','2024-12-02 18:30:00',3,3),(184,'2024-12-02 19:00:00','2024-12-02 20:00:00',5,6),(185,'2024-12-03 05:30:00','2024-12-03 06:30:00',5,2),(186,'2024-12-03 07:00:00','2024-12-03 08:00:00',4,5),(187,'2024-12-03 08:30:00','2024-12-03 09:30:00',5,6),(190,'2024-12-03 17:30:00','2024-12-03 18:30:00',3,2),(191,'2024-12-03 19:00:00','2024-12-03 20:00:00',2,4),(192,'2024-12-04 05:30:00','2024-12-04 06:30:00',5,7),(193,'2024-12-04 07:00:00','2024-12-04 08:00:00',2,7),(194,'2024-12-04 08:30:00','2024-12-04 09:30:00',3,7),(197,'2024-12-04 17:30:00','2024-12-04 18:30:00',5,5),(198,'2024-12-04 19:00:00','2024-12-04 20:00:00',5,6),(199,'2024-12-05 05:30:00','2024-12-05 06:30:00',4,7),(200,'2024-12-05 07:00:00','2024-12-05 08:00:00',1,6),(201,'2024-12-05 08:30:00','2024-12-05 09:30:00',2,2),(204,'2024-12-05 17:30:00','2024-12-05 18:30:00',3,3),(205,'2024-12-05 19:00:00','2024-12-05 20:00:00',2,2),(206,'2024-12-06 05:30:00','2024-12-06 06:30:00',1,5),(207,'2024-12-06 07:00:00','2024-12-06 08:00:00',3,6),(208,'2024-12-06 08:30:00','2024-12-06 09:30:00',1,2),(211,'2024-12-06 17:30:00','2024-12-06 18:30:00',2,7),(212,'2024-12-06 19:00:00','2024-12-06 20:00:00',2,6),(213,'2024-12-07 08:00:00','2024-12-07 09:00:00',5,5),(214,'2024-12-07 09:30:00','2024-12-07 10:30:00',2,5),(215,'2024-12-09 05:30:00','2024-12-09 06:30:00',4,5),(216,'2024-12-09 07:00:00','2024-12-09 08:00:00',1,6),(217,'2024-12-09 08:30:00','2024-12-09 09:30:00',1,2),(220,'2024-12-09 17:30:00','2024-12-09 18:30:00',1,7),(221,'2024-12-09 19:00:00','2024-12-09 20:00:00',2,1),(222,'2024-12-10 05:30:00','2024-12-10 06:30:00',4,1),(223,'2024-12-10 07:00:00','2024-12-10 08:00:00',1,5),(224,'2024-12-10 08:30:00','2024-12-10 09:30:00',2,6),(227,'2024-12-10 17:30:00','2024-12-10 18:30:00',4,1),(228,'2024-12-10 19:00:00','2024-12-10 20:00:00',5,3),(229,'2024-12-11 05:30:00','2024-12-11 06:30:00',2,1),(230,'2024-12-11 07:00:00','2024-12-11 08:00:00',5,4),(231,'2024-12-11 08:30:00','2024-12-11 09:30:00',3,7),(234,'2024-12-11 17:30:00','2024-12-11 18:30:00',3,4),(235,'2024-12-11 19:00:00','2024-12-11 20:00:00',2,2),(236,'2024-12-12 05:30:00','2024-12-12 06:30:00',4,2),(237,'2024-12-12 07:00:00','2024-12-12 08:00:00',2,3),(238,'2024-12-12 08:30:00','2024-12-12 09:30:00',3,6),(241,'2024-12-12 17:30:00','2024-12-12 18:30:00',4,3),(242,'2024-12-12 19:00:00','2024-12-12 20:00:00',1,5),(243,'2024-12-13 05:30:00','2024-12-13 06:30:00',3,5),(244,'2024-12-13 07:00:00','2024-12-13 08:00:00',2,5),(245,'2024-12-13 08:30:00','2024-12-13 09:30:00',1,7),(248,'2024-12-13 17:30:00','2024-12-13 18:30:00',1,6),(249,'2024-12-13 19:00:00','2024-12-13 20:00:00',5,3),(250,'2024-12-14 08:00:00','2024-12-14 09:00:00',3,4),(251,'2024-12-14 09:30:00','2024-12-14 10:30:00',1,5),(252,'2024-12-16 05:30:00','2024-12-16 06:30:00',5,1),(253,'2024-12-16 07:00:00','2024-12-16 08:00:00',4,1),(254,'2024-12-16 08:30:00','2024-12-16 09:30:00',5,7),(257,'2024-12-16 17:30:00','2024-12-16 18:30:00',5,5),(258,'2024-12-16 19:00:00','2024-12-16 20:00:00',5,1),(259,'2024-12-17 05:30:00','2024-12-17 06:30:00',1,2),(260,'2024-12-17 07:00:00','2024-12-17 08:00:00',1,3),(261,'2024-12-17 08:30:00','2024-12-17 09:30:00',5,2),(264,'2024-12-17 17:30:00','2024-12-17 18:30:00',5,2),(265,'2024-12-17 19:00:00','2024-12-17 20:00:00',1,5),(266,'2024-12-18 05:30:00','2024-12-18 06:30:00',1,5),(267,'2024-12-18 07:00:00','2024-12-18 08:00:00',3,7),(268,'2024-12-18 08:30:00','2024-12-18 09:30:00',1,3),(271,'2024-12-18 17:30:00','2024-12-18 18:30:00',1,7),(272,'2024-12-18 19:00:00','2024-12-18 20:00:00',4,3),(273,'2024-12-19 05:30:00','2024-12-19 06:30:00',3,4),(274,'2024-12-19 07:00:00','2024-12-19 08:00:00',5,3),(275,'2024-12-19 08:30:00','2024-12-19 09:30:00',4,3),(278,'2024-12-19 17:30:00','2024-12-19 18:30:00',4,6),(279,'2024-12-19 19:00:00','2024-12-19 20:00:00',2,3),(280,'2024-12-20 05:30:00','2024-12-20 06:30:00',5,5),(281,'2024-12-20 07:00:00','2024-12-20 08:00:00',3,6),(282,'2024-12-20 08:30:00','2024-12-20 09:30:00',2,2),(285,'2024-12-20 17:30:00','2024-12-20 18:30:00',2,7),(286,'2024-12-20 19:00:00','2024-12-20 20:00:00',2,3),(287,'2024-12-21 08:00:00','2024-12-21 09:00:00',2,6),(288,'2024-12-21 09:30:00','2024-12-21 10:30:00',5,1),(289,'2024-12-23 05:30:00','2024-12-23 06:30:00',5,5),(290,'2024-12-23 07:00:00','2024-12-23 08:00:00',5,6),(291,'2024-12-23 08:30:00','2024-12-23 09:30:00',2,4),(294,'2024-12-23 17:30:00','2024-12-23 18:30:00',3,1),(295,'2024-12-23 19:00:00','2024-12-23 20:00:00',1,6),(296,'2024-12-24 05:30:00','2024-12-24 06:30:00',5,1),(297,'2024-12-24 07:00:00','2024-12-24 08:00:00',4,7),(298,'2024-12-24 08:30:00','2024-12-24 09:30:00',1,3),(301,'2024-12-24 17:30:00','2024-12-24 18:30:00',4,2),(302,'2024-12-24 19:00:00','2024-12-24 20:00:00',1,7),(303,'2024-12-25 05:30:00','2024-12-25 06:30:00',3,5),(304,'2024-12-25 07:00:00','2024-12-25 08:00:00',1,1),(305,'2024-12-25 08:30:00','2024-12-25 09:30:00',5,2),(308,'2024-12-25 17:30:00','2024-12-25 18:30:00',4,6),(309,'2024-12-25 19:00:00','2024-12-25 20:00:00',2,3),(310,'2024-12-26 05:30:00','2024-12-26 06:30:00',5,7),(311,'2024-12-26 07:00:00','2024-12-26 08:00:00',3,5),(312,'2024-12-26 08:30:00','2024-12-26 09:30:00',1,7),(315,'2024-12-26 17:30:00','2024-12-26 18:30:00',2,5),(316,'2024-12-26 19:00:00','2024-12-26 20:00:00',4,5),(317,'2024-12-27 05:30:00','2024-12-27 06:30:00',1,1),(318,'2024-12-27 07:00:00','2024-12-27 08:00:00',2,2),(319,'2024-12-27 08:30:00','2024-12-27 09:30:00',5,2),(322,'2024-12-27 17:30:00','2024-12-27 18:30:00',4,6),(323,'2024-12-27 19:00:00','2024-12-27 20:00:00',2,2),(324,'2024-12-28 08:00:00','2024-12-28 09:00:00',3,1),(325,'2024-12-28 09:30:00','2024-12-28 10:30:00',2,6),(326,'2024-12-30 05:30:00','2024-12-30 06:30:00',4,4),(327,'2024-12-30 07:00:00','2024-12-30 08:00:00',3,2),(328,'2024-12-30 08:30:00','2024-12-30 09:30:00',1,2),(331,'2024-12-30 17:30:00','2024-12-30 18:30:00',4,2),(332,'2024-12-30 19:00:00','2024-12-30 20:00:00',5,1),(333,'2024-12-31 05:30:00','2024-12-31 06:30:00',3,4),(334,'2024-12-31 07:00:00','2024-12-31 08:00:00',5,4),(335,'2024-12-31 08:30:00','2024-12-31 09:30:00',5,6),(338,'2024-12-31 17:30:00','2024-12-31 18:30:00',3,7),(339,'2024-12-31 19:00:00','2024-12-31 20:00:00',1,5),(340,'2024-11-20 05:30:00','2024-11-20 06:30:00',5,6),(341,'2024-11-20 07:00:00','2024-11-20 08:00:00',4,6),(342,'2024-11-20 08:30:00','2024-11-20 09:30:00',5,3),(345,'2024-11-20 17:30:00','2024-11-20 18:30:00',3,4),(346,'2024-11-20 19:00:00','2024-11-20 20:00:00',5,4),(347,'2025-01-01 05:30:00','2025-01-01 06:30:00',4,4),(348,'2025-01-01 07:00:00','2025-01-01 08:00:00',3,3),(349,'2025-01-01 08:30:00','2025-01-01 09:30:00',2,6),(350,'2025-01-01 17:30:00','2025-01-01 18:30:00',1,6),(351,'2025-01-01 19:00:00','2025-01-01 20:00:00',5,5),(352,'2025-01-02 05:30:00','2025-01-02 06:30:00',1,3),(353,'2025-01-02 07:00:00','2025-01-02 08:00:00',5,6),(354,'2025-01-02 08:30:00','2025-01-02 09:30:00',2,7),(355,'2025-01-02 17:30:00','2025-01-02 18:30:00',5,1),(356,'2025-01-02 19:00:00','2025-01-02 20:00:00',5,3),(357,'2025-01-03 05:30:00','2025-01-03 06:30:00',3,6),(358,'2025-01-03 07:00:00','2025-01-03 08:00:00',1,5),(359,'2025-01-03 08:30:00','2025-01-03 09:30:00',3,3),(360,'2025-01-03 17:30:00','2025-01-03 18:30:00',4,5),(361,'2025-01-03 19:00:00','2025-01-03 20:00:00',2,2),(362,'2025-01-04 08:00:00','2025-01-04 09:00:00',5,6),(363,'2025-01-04 09:30:00','2025-01-04 10:30:00',3,7),(364,'2025-01-06 05:30:00','2025-01-06 06:30:00',5,2),(365,'2025-01-06 07:00:00','2025-01-06 08:00:00',4,7),(366,'2025-01-06 08:30:00','2025-01-06 09:30:00',2,4),(367,'2025-01-06 17:30:00','2025-01-06 18:30:00',1,7),(368,'2025-01-06 19:00:00','2025-01-06 20:00:00',4,1),(369,'2025-01-07 05:30:00','2025-01-07 06:30:00',3,1),(370,'2025-01-07 07:00:00','2025-01-07 08:00:00',1,6),(371,'2025-01-07 08:30:00','2025-01-07 09:30:00',2,1),(372,'2025-01-07 17:30:00','2025-01-07 18:30:00',2,3),(373,'2025-01-07 19:00:00','2025-01-07 20:00:00',2,7),(374,'2025-01-08 05:30:00','2025-01-08 06:30:00',5,3),(375,'2025-01-08 07:00:00','2025-01-08 08:00:00',2,2),(376,'2025-01-08 08:30:00','2025-01-08 09:30:00',1,5),(377,'2025-01-08 17:30:00','2025-01-08 18:30:00',3,3),(378,'2025-01-08 19:00:00','2025-01-08 20:00:00',4,3),(379,'2025-01-09 05:30:00','2025-01-09 06:30:00',4,2),(380,'2025-01-09 07:00:00','2025-01-09 08:00:00',1,5),(381,'2025-01-09 08:30:00','2025-01-09 09:30:00',1,4),(382,'2025-01-09 17:30:00','2025-01-09 18:30:00',5,2),(383,'2025-01-09 19:00:00','2025-01-09 20:00:00',4,3),(384,'2025-01-10 05:30:00','2025-01-10 06:30:00',2,7),(385,'2025-01-10 07:00:00','2025-01-10 08:00:00',4,5),(386,'2025-01-10 08:30:00','2025-01-10 09:30:00',3,1),(387,'2025-01-10 17:30:00','2025-01-10 18:30:00',3,5),(388,'2025-01-10 19:00:00','2025-01-10 20:00:00',5,6),(389,'2025-01-11 08:00:00','2025-01-11 09:00:00',1,4),(390,'2025-01-11 09:30:00','2025-01-11 10:30:00',5,4),(391,'2025-01-13 05:30:00','2025-01-13 06:30:00',4,4),(392,'2025-01-13 07:00:00','2025-01-13 08:00:00',3,4),(393,'2025-01-13 08:30:00','2025-01-13 09:30:00',2,3),(394,'2025-01-13 17:30:00','2025-01-13 18:30:00',2,1),(395,'2025-01-13 19:00:00','2025-01-13 20:00:00',2,7),(396,'2025-01-14 05:30:00','2025-01-14 06:30:00',1,3),(397,'2025-01-14 07:00:00','2025-01-14 08:00:00',2,4),(398,'2025-01-14 08:30:00','2025-01-14 09:30:00',1,4),(399,'2025-01-14 17:30:00','2025-01-14 18:30:00',2,5),(400,'2025-01-14 19:00:00','2025-01-14 20:00:00',3,2),(401,'2025-01-15 05:30:00','2025-01-15 06:30:00',5,5),(402,'2025-01-15 07:00:00','2025-01-15 08:00:00',3,3),(403,'2025-01-15 08:30:00','2025-01-15 09:30:00',1,6),(404,'2025-01-15 17:30:00','2025-01-15 18:30:00',3,6),(405,'2025-01-15 19:00:00','2025-01-15 20:00:00',3,6),(406,'2025-01-16 05:30:00','2025-01-16 06:30:00',1,2),(407,'2025-01-16 07:00:00','2025-01-16 08:00:00',1,1),(408,'2025-01-16 08:30:00','2025-01-16 09:30:00',2,1),(409,'2025-01-16 17:30:00','2025-01-16 18:30:00',1,4),(410,'2025-01-16 19:00:00','2025-01-16 20:00:00',4,4),(411,'2025-01-17 05:30:00','2025-01-17 06:30:00',5,1),(412,'2025-01-17 07:00:00','2025-01-17 08:00:00',1,5),(413,'2025-01-17 08:30:00','2025-01-17 09:30:00',3,3),(414,'2025-01-17 17:30:00','2025-01-17 18:30:00',1,5),(415,'2025-01-17 19:00:00','2025-01-17 20:00:00',5,4),(416,'2025-01-18 08:00:00','2025-01-18 09:00:00',1,6),(417,'2025-01-18 09:30:00','2025-01-18 10:30:00',3,4),(418,'2025-01-20 05:30:00','2025-01-20 06:30:00',3,2),(419,'2025-01-20 07:00:00','2025-01-20 08:00:00',2,1),(420,'2025-01-20 08:30:00','2025-01-20 09:30:00',3,2),(421,'2025-01-20 17:30:00','2025-01-20 18:30:00',5,1),(422,'2025-01-20 19:00:00','2025-01-20 20:00:00',3,2),(423,'2025-01-21 05:30:00','2025-01-21 06:30:00',5,6),(424,'2025-01-21 07:00:00','2025-01-21 08:00:00',2,5),(425,'2025-01-21 08:30:00','2025-01-21 09:30:00',2,1),(426,'2025-01-21 17:30:00','2025-01-21 18:30:00',1,3),(427,'2025-01-21 19:00:00','2025-01-21 20:00:00',4,3),(428,'2025-01-22 05:30:00','2025-01-22 06:30:00',2,4),(429,'2025-01-22 07:00:00','2025-01-22 08:00:00',2,3),(430,'2025-01-22 08:30:00','2025-01-22 09:30:00',1,4),(431,'2025-01-22 17:30:00','2025-01-22 18:30:00',2,7),(432,'2025-01-22 19:00:00','2025-01-22 20:00:00',3,6),(433,'2025-01-23 05:30:00','2025-01-23 06:30:00',5,3),(434,'2025-01-23 07:00:00','2025-01-23 08:00:00',3,1),(435,'2025-01-23 08:30:00','2025-01-23 09:30:00',4,3),(436,'2025-01-23 17:30:00','2025-01-23 18:30:00',5,1),(437,'2025-01-23 19:00:00','2025-01-23 20:00:00',5,5),(438,'2025-01-24 05:30:00','2025-01-24 06:30:00',2,2),(439,'2025-01-24 07:00:00','2025-01-24 08:00:00',3,2),(440,'2025-01-24 08:30:00','2025-01-24 09:30:00',5,1),(441,'2025-01-24 17:30:00','2025-01-24 18:30:00',1,3),(442,'2025-01-24 19:00:00','2025-01-24 20:00:00',3,7),(443,'2025-01-25 08:00:00','2025-01-25 09:00:00',3,3),(444,'2025-01-25 09:30:00','2025-01-25 10:30:00',5,6),(445,'2025-01-27 05:30:00','2025-01-27 06:30:00',4,6),(446,'2025-01-27 07:00:00','2025-01-27 08:00:00',5,3),(447,'2025-01-27 08:30:00','2025-01-27 09:30:00',3,3),(448,'2025-01-27 17:30:00','2025-01-27 18:30:00',4,2),(449,'2025-01-27 19:00:00','2025-01-27 20:00:00',3,4),(450,'2025-01-28 05:30:00','2025-01-28 06:30:00',5,4),(451,'2025-01-28 07:00:00','2025-01-28 08:00:00',3,4),(452,'2025-01-28 08:30:00','2025-01-28 09:30:00',2,5),(453,'2025-01-28 17:30:00','2025-01-28 18:30:00',3,5),(454,'2025-01-28 19:00:00','2025-01-28 20:00:00',5,3),(455,'2025-01-29 05:30:00','2025-01-29 06:30:00',2,3),(456,'2025-01-29 07:00:00','2025-01-29 08:00:00',1,4),(457,'2025-01-29 08:30:00','2025-01-29 09:30:00',2,5),(458,'2025-01-29 17:30:00','2025-01-29 18:30:00',2,7),(459,'2025-01-29 19:00:00','2025-01-29 20:00:00',3,2),(460,'2025-01-30 05:30:00','2025-01-30 06:30:00',4,6),(461,'2025-01-30 07:00:00','2025-01-30 08:00:00',4,6),(462,'2025-01-30 08:30:00','2025-01-30 09:30:00',1,6),(463,'2025-01-30 17:30:00','2025-01-30 18:30:00',2,7),(464,'2025-01-30 19:00:00','2025-01-30 20:00:00',1,1),(465,'2025-01-31 05:30:00','2025-01-31 06:30:00',4,3),(466,'2025-01-31 07:00:00','2025-01-31 08:00:00',3,1),(467,'2025-01-31 08:30:00','2025-01-31 09:30:00',1,2),(468,'2025-01-31 17:30:00','2025-01-31 18:30:00',1,6),(469,'2025-01-31 19:00:00','2025-01-31 20:00:00',3,4),(470,'2025-02-01 08:00:00','2025-02-01 09:00:00',2,4),(471,'2025-02-01 09:30:00','2025-02-01 10:30:00',4,6),(472,'2025-02-03 05:30:00','2025-02-03 06:30:00',2,7),(473,'2025-02-03 07:00:00','2025-02-03 08:00:00',4,1),(474,'2025-02-03 08:30:00','2025-02-03 09:30:00',4,5),(475,'2025-02-03 17:30:00','2025-02-03 18:30:00',1,4),(476,'2025-02-03 19:00:00','2025-02-03 20:00:00',3,2),(477,'2025-02-04 05:30:00','2025-02-04 06:30:00',5,6),(478,'2025-02-04 07:00:00','2025-02-04 08:00:00',4,3),(479,'2025-02-04 08:30:00','2025-02-04 09:30:00',4,2),(480,'2025-02-04 17:30:00','2025-02-04 18:30:00',2,4),(481,'2025-02-04 19:00:00','2025-02-04 20:00:00',5,1),(482,'2025-02-05 05:30:00','2025-02-05 06:30:00',4,3),(483,'2025-02-05 07:00:00','2025-02-05 08:00:00',1,2),(484,'2025-02-05 08:30:00','2025-02-05 09:30:00',1,4),(485,'2025-02-05 17:30:00','2025-02-05 18:30:00',5,4),(486,'2025-02-05 19:00:00','2025-02-05 20:00:00',3,7),(487,'2025-02-06 05:30:00','2025-02-06 06:30:00',2,3),(488,'2025-02-06 07:00:00','2025-02-06 08:00:00',2,2),(489,'2025-02-06 08:30:00','2025-02-06 09:30:00',3,1),(490,'2025-02-06 17:30:00','2025-02-06 18:30:00',3,7),(491,'2025-02-06 19:00:00','2025-02-06 20:00:00',3,7),(492,'2025-02-07 05:30:00','2025-02-07 06:30:00',4,4),(493,'2025-02-07 07:00:00','2025-02-07 08:00:00',4,1),(494,'2025-02-07 08:30:00','2025-02-07 09:30:00',4,5),(495,'2025-02-07 17:30:00','2025-02-07 18:30:00',3,2),(496,'2025-02-07 19:00:00','2025-02-07 20:00:00',2,3),(497,'2025-02-08 08:00:00','2025-02-08 09:00:00',4,1),(498,'2025-02-08 09:30:00','2025-02-08 10:30:00',3,6),(499,'2025-02-10 05:30:00','2025-02-10 06:30:00',5,3),(500,'2025-02-10 07:00:00','2025-02-10 08:00:00',5,6),(501,'2025-02-10 08:30:00','2025-02-10 09:30:00',4,7),(502,'2025-02-10 17:30:00','2025-02-10 18:30:00',5,3),(503,'2025-02-10 19:00:00','2025-02-10 20:00:00',1,7),(504,'2025-02-11 05:30:00','2025-02-11 06:30:00',4,5),(505,'2025-02-11 07:00:00','2025-02-11 08:00:00',3,1),(506,'2025-02-11 08:30:00','2025-02-11 09:30:00',1,2),(507,'2025-02-11 17:30:00','2025-02-11 18:30:00',3,3),(508,'2025-02-11 19:00:00','2025-02-11 20:00:00',1,2),(509,'2025-02-12 05:30:00','2025-02-12 06:30:00',4,6),(510,'2025-02-12 07:00:00','2025-02-12 08:00:00',3,2),(511,'2025-02-12 08:30:00','2025-02-12 09:30:00',5,3),(512,'2025-02-12 17:30:00','2025-02-12 18:30:00',2,6),(513,'2025-02-12 19:00:00','2025-02-12 20:00:00',2,4),(514,'2025-02-13 05:30:00','2025-02-13 06:30:00',2,7),(515,'2025-02-13 07:00:00','2025-02-13 08:00:00',4,3),(516,'2025-02-13 08:30:00','2025-02-13 09:30:00',2,7),(517,'2025-02-13 17:30:00','2025-02-13 18:30:00',3,7),(518,'2025-02-13 19:00:00','2025-02-13 20:00:00',3,3),(519,'2025-02-14 05:30:00','2025-02-14 06:30:00',5,2),(520,'2025-02-14 07:00:00','2025-02-14 08:00:00',2,2),(521,'2025-02-14 08:30:00','2025-02-14 09:30:00',2,1),(522,'2025-02-14 17:30:00','2025-02-14 18:30:00',4,6),(523,'2025-02-14 19:00:00','2025-02-14 20:00:00',2,5),(524,'2025-02-15 08:00:00','2025-02-15 09:00:00',3,6),(525,'2025-02-15 09:30:00','2025-02-15 10:30:00',4,4),(526,'2025-02-17 05:30:00','2025-02-17 06:30:00',1,3),(527,'2025-02-17 07:00:00','2025-02-17 08:00:00',2,5),(528,'2025-02-17 08:30:00','2025-02-17 09:30:00',2,6),(529,'2025-02-17 17:30:00','2025-02-17 18:30:00',1,5),(530,'2025-02-17 19:00:00','2025-02-17 20:00:00',5,2),(531,'2025-02-18 05:30:00','2025-02-18 06:30:00',5,1),(532,'2025-02-18 07:00:00','2025-02-18 08:00:00',5,5),(533,'2025-02-18 08:30:00','2025-02-18 09:30:00',3,7),(534,'2025-02-18 17:30:00','2025-02-18 18:30:00',3,2),(535,'2025-02-18 19:00:00','2025-02-18 20:00:00',5,1),(536,'2025-02-19 05:30:00','2025-02-19 06:30:00',3,6),(537,'2025-02-19 07:00:00','2025-02-19 08:00:00',2,3),(538,'2025-02-19 08:30:00','2025-02-19 09:30:00',2,4),(539,'2025-02-19 17:30:00','2025-02-19 18:30:00',2,5),(540,'2025-02-19 19:00:00','2025-02-19 20:00:00',2,1),(541,'2025-02-20 05:30:00','2025-02-20 06:30:00',5,1),(542,'2025-02-20 07:00:00','2025-02-20 08:00:00',4,7),(543,'2025-02-20 08:30:00','2025-02-20 09:30:00',2,7),(544,'2025-02-20 17:30:00','2025-02-20 18:30:00',5,4),(545,'2025-02-20 19:00:00','2025-02-20 20:00:00',3,6),(546,'2025-02-21 05:30:00','2025-02-21 06:30:00',5,3),(547,'2025-02-21 07:00:00','2025-02-21 08:00:00',1,3),(548,'2025-02-21 08:30:00','2025-02-21 09:30:00',3,2),(549,'2025-02-21 17:30:00','2025-02-21 18:30:00',4,1),(550,'2025-02-21 19:00:00','2025-02-21 20:00:00',2,5),(551,'2025-02-22 08:00:00','2025-02-22 09:00:00',3,2),(552,'2025-02-22 09:30:00','2025-02-22 10:30:00',5,4),(553,'2025-02-24 05:30:00','2025-02-24 06:30:00',1,3),(554,'2025-02-24 07:00:00','2025-02-24 08:00:00',2,6),(555,'2025-02-24 08:30:00','2025-02-24 09:30:00',5,6),(556,'2025-02-24 17:30:00','2025-02-24 18:30:00',1,1),(557,'2025-02-24 19:00:00','2025-02-24 20:00:00',1,2),(558,'2025-02-25 05:30:00','2025-02-25 06:30:00',2,2),(559,'2025-02-25 07:00:00','2025-02-25 08:00:00',5,7),(560,'2025-02-25 08:30:00','2025-02-25 09:30:00',3,6),(561,'2025-02-25 17:30:00','2025-02-25 18:30:00',1,2),(562,'2025-02-25 19:00:00','2025-02-25 20:00:00',1,6),(563,'2025-02-26 05:30:00','2025-02-26 06:30:00',4,6),(564,'2025-02-26 07:00:00','2025-02-26 08:00:00',2,4),(565,'2025-02-26 08:30:00','2025-02-26 09:30:00',3,6),(566,'2025-02-26 17:30:00','2025-02-26 18:30:00',3,2),(567,'2025-02-26 19:00:00','2025-02-26 20:00:00',2,3),(568,'2025-02-27 05:30:00','2025-02-27 06:30:00',3,3),(569,'2025-02-27 07:00:00','2025-02-27 08:00:00',3,3),(570,'2025-02-27 08:30:00','2025-02-27 09:30:00',3,1),(571,'2025-02-27 17:30:00','2025-02-27 18:30:00',3,2),(572,'2025-02-27 19:00:00','2025-02-27 20:00:00',5,7),(573,'2025-02-28 05:30:00','2025-02-28 06:30:00',5,6),(574,'2025-02-28 07:00:00','2025-02-28 08:00:00',3,6),(575,'2025-02-28 08:30:00','2025-02-28 09:30:00',5,2),(576,'2025-02-28 17:30:00','2025-02-28 18:30:00',1,5),(577,'2025-02-28 19:00:00','2025-02-28 20:00:00',1,3),(578,'2025-03-01 08:00:00','2025-03-01 09:00:00',4,4),(579,'2025-03-01 09:30:00','2025-03-01 10:30:00',3,3),(580,'2025-03-03 05:30:00','2025-03-03 06:30:00',2,6),(581,'2025-03-03 07:00:00','2025-03-03 08:00:00',1,6),(582,'2025-03-03 08:30:00','2025-03-03 09:30:00',5,5),(583,'2025-03-03 12:00:00','2025-03-03 13:00:00',1,3),(584,'2025-03-03 16:00:00','2025-03-03 17:00:00',5,6),(585,'2025-03-03 17:30:00','2025-03-03 18:30:00',2,7),(586,'2025-03-04 05:30:00','2025-03-04 06:30:00',5,1),(587,'2025-03-04 07:00:00','2025-03-04 08:00:00',5,3),(588,'2025-03-04 08:30:00','2025-03-04 09:30:00',3,6),(589,'2025-03-04 12:00:00','2025-03-04 13:00:00',1,5),(590,'2025-03-04 16:00:00','2025-03-04 17:00:00',3,3),(591,'2025-03-04 17:30:00','2025-03-04 18:30:00',4,5),(592,'2025-03-05 05:30:00','2025-03-05 06:30:00',2,2),(593,'2025-03-05 07:00:00','2025-03-05 08:00:00',5,6),(594,'2025-03-05 08:30:00','2025-03-05 09:30:00',3,7),(595,'2025-03-05 12:00:00','2025-03-05 13:00:00',5,2),(596,'2025-03-05 16:00:00','2025-03-05 17:00:00',4,7),(597,'2025-03-05 17:30:00','2025-03-05 18:30:00',2,4),(598,'2025-03-06 05:30:00','2025-03-06 06:30:00',1,7),(599,'2025-03-06 07:00:00','2025-03-06 08:00:00',4,1),(600,'2025-03-06 08:30:00','2025-03-06 09:30:00',3,1),(601,'2025-03-06 12:00:00','2025-03-06 13:00:00',1,6),(602,'2025-03-06 16:00:00','2025-03-06 17:00:00',2,1),(603,'2025-03-06 17:30:00','2025-03-06 18:30:00',2,3),(604,'2025-03-07 05:30:00','2025-03-07 06:30:00',2,7),(605,'2025-03-07 07:00:00','2025-03-07 08:00:00',5,3),(606,'2025-03-07 08:30:00','2025-03-07 09:30:00',2,2),(607,'2025-03-07 12:00:00','2025-03-07 13:00:00',1,5),(608,'2025-03-07 16:00:00','2025-03-07 17:00:00',3,3),(609,'2025-03-07 17:30:00','2025-03-07 18:30:00',4,3),(610,'2025-03-08 08:00:00','2025-03-08 09:00:00',4,2),(611,'2025-03-08 09:30:00','2025-03-08 10:30:00',1,5),(612,'2025-03-10 05:30:00','2025-03-10 06:30:00',1,4),(613,'2025-03-10 07:00:00','2025-03-10 08:00:00',5,2),(614,'2025-03-10 08:30:00','2025-03-10 09:30:00',4,3),(615,'2025-03-10 12:00:00','2025-03-10 13:00:00',2,7),(616,'2025-03-10 16:00:00','2025-03-10 17:00:00',4,5),(617,'2025-03-10 17:30:00','2025-03-10 18:30:00',3,1),(618,'2025-03-11 05:30:00','2025-03-11 06:30:00',3,5),(619,'2025-03-11 07:00:00','2025-03-11 08:00:00',5,6),(620,'2025-03-11 08:30:00','2025-03-11 09:30:00',1,4),(621,'2025-03-11 12:00:00','2025-03-11 13:00:00',5,4),(622,'2025-03-11 16:00:00','2025-03-11 17:00:00',4,4),(623,'2025-03-11 17:30:00','2025-03-11 18:30:00',3,4),(624,'2025-03-12 05:30:00','2025-03-12 06:30:00',2,3),(625,'2025-03-12 07:00:00','2025-03-12 08:00:00',2,1),(626,'2025-03-12 08:30:00','2025-03-12 09:30:00',2,7),(627,'2025-03-12 12:00:00','2025-03-12 13:00:00',1,3),(628,'2025-03-12 16:00:00','2025-03-12 17:00:00',2,4),(629,'2025-03-12 17:30:00','2025-03-12 18:30:00',1,4),(630,'2025-03-13 05:30:00','2025-03-13 06:30:00',2,5),(631,'2025-03-13 07:00:00','2025-03-13 08:00:00',3,2),(632,'2025-03-13 08:30:00','2025-03-13 09:30:00',5,5),(633,'2025-03-13 12:00:00','2025-03-13 13:00:00',3,3),(634,'2025-03-13 16:00:00','2025-03-13 17:00:00',1,6),(635,'2025-03-13 17:30:00','2025-03-13 18:30:00',3,6),(636,'2025-03-14 05:30:00','2025-03-14 06:30:00',3,6),(637,'2025-03-14 07:00:00','2025-03-14 08:00:00',1,2),(638,'2025-03-14 08:30:00','2025-03-14 09:30:00',1,1),(639,'2025-03-14 12:00:00','2025-03-14 13:00:00',2,1),(640,'2025-03-14 16:00:00','2025-03-14 17:00:00',1,4),(641,'2025-03-14 17:30:00','2025-03-14 18:30:00',4,4),(642,'2025-03-15 08:00:00','2025-03-15 09:00:00',5,1),(643,'2025-03-15 09:30:00','2025-03-15 10:30:00',1,5),(644,'2025-03-17 05:30:00','2025-03-17 06:30:00',3,3),(645,'2025-03-17 07:00:00','2025-03-17 08:00:00',1,5),(646,'2025-03-17 08:30:00','2025-03-17 09:30:00',5,4),(647,'2025-03-17 12:00:00','2025-03-17 13:00:00',1,6),(648,'2025-03-17 16:00:00','2025-03-17 17:00:00',3,4),(649,'2025-03-17 17:30:00','2025-03-17 18:30:00',3,2),(650,'2025-03-18 05:30:00','2025-03-18 06:30:00',2,1),(651,'2025-03-18 07:00:00','2025-03-18 08:00:00',3,2),(652,'2025-03-18 08:30:00','2025-03-18 09:30:00',5,1),(653,'2025-03-18 12:00:00','2025-03-18 13:00:00',3,2),(654,'2025-03-18 16:00:00','2025-03-18 17:00:00',5,6),(655,'2025-03-18 17:30:00','2025-03-18 18:30:00',2,5),(656,'2025-03-19 05:30:00','2025-03-19 06:30:00',2,1),(657,'2025-03-19 07:00:00','2025-03-19 08:00:00',1,3),(658,'2025-03-19 08:30:00','2025-03-19 09:30:00',4,3),(659,'2025-03-19 12:00:00','2025-03-19 13:00:00',2,4),(660,'2025-03-19 16:00:00','2025-03-19 17:00:00',2,3),(661,'2025-03-19 17:30:00','2025-03-19 18:30:00',1,4),(662,'2025-03-20 05:30:00','2025-03-20 06:30:00',2,7),(663,'2025-03-20 07:00:00','2025-03-20 08:00:00',3,6),(664,'2025-03-20 08:30:00','2025-03-20 09:30:00',5,3),(665,'2025-03-20 12:00:00','2025-03-20 13:00:00',3,1),(666,'2025-03-20 16:00:00','2025-03-20 17:00:00',4,3),(667,'2025-03-20 17:30:00','2025-03-20 18:30:00',5,1),(668,'2025-03-21 05:30:00','2025-03-21 06:30:00',5,5),(669,'2025-03-21 07:00:00','2025-03-21 08:00:00',2,2),(670,'2025-03-21 08:30:00','2025-03-21 09:30:00',3,2),(671,'2025-03-21 12:00:00','2025-03-21 13:00:00',5,1),(672,'2025-03-21 16:00:00','2025-03-21 17:00:00',1,3),(673,'2025-03-21 17:30:00','2025-03-21 18:30:00',3,7),(674,'2025-03-22 08:00:00','2025-03-22 09:00:00',3,3),(675,'2025-03-22 09:30:00','2025-03-22 10:30:00',5,6),(676,'2025-03-24 05:30:00','2025-03-24 06:30:00',4,6),(677,'2025-03-24 07:00:00','2025-03-24 08:00:00',5,3),(678,'2025-03-24 08:30:00','2025-03-24 09:30:00',3,3),(679,'2025-03-24 12:00:00','2025-03-24 13:00:00',4,2),(680,'2025-03-24 16:00:00','2025-03-24 17:00:00',3,4),(681,'2025-03-24 17:30:00','2025-03-24 18:30:00',5,4),(682,'2025-03-25 05:30:00','2025-03-25 06:30:00',3,4),(683,'2025-03-25 07:00:00','2025-03-25 08:00:00',2,5),(684,'2025-03-25 08:30:00','2025-03-25 09:30:00',3,5),(685,'2025-03-25 12:00:00','2025-03-25 13:00:00',5,3),(686,'2025-03-25 16:00:00','2025-03-25 17:00:00',2,3),(687,'2025-03-25 17:30:00','2025-03-25 18:30:00',1,4),(688,'2025-03-26 05:30:00','2025-03-26 06:30:00',2,5),(689,'2025-03-26 07:00:00','2025-03-26 08:00:00',2,7),(690,'2025-03-26 08:30:00','2025-03-26 09:30:00',3,2),(691,'2025-03-26 12:00:00','2025-03-26 13:00:00',4,6),(692,'2025-03-26 16:00:00','2025-03-26 17:00:00',4,6),(693,'2025-03-26 17:30:00','2025-03-26 18:30:00',1,6),(694,'2025-03-27 05:30:00','2025-03-27 06:30:00',2,7),(695,'2025-03-27 07:00:00','2025-03-27 08:00:00',1,1),(696,'2025-03-27 08:30:00','2025-03-27 09:30:00',4,3),(697,'2025-03-27 12:00:00','2025-03-27 13:00:00',3,1),(698,'2025-03-27 16:00:00','2025-03-27 17:00:00',1,2),(699,'2025-03-27 17:30:00','2025-03-27 18:30:00',1,6),(700,'2025-03-28 05:30:00','2025-03-28 06:30:00',3,4),(701,'2025-03-28 07:00:00','2025-03-28 08:00:00',2,4),(702,'2025-03-28 08:30:00','2025-03-28 09:30:00',4,6),(703,'2025-03-28 12:00:00','2025-03-28 13:00:00',2,7),(704,'2025-03-28 16:00:00','2025-03-28 17:00:00',4,1),(705,'2025-03-28 17:30:00','2025-03-28 18:30:00',4,5),(706,'2025-03-29 08:00:00','2025-03-29 09:00:00',1,4),(707,'2025-03-29 09:30:00','2025-03-29 10:30:00',3,2),(708,'2025-03-31 05:30:00','2025-03-31 06:30:00',5,6),(709,'2025-03-31 07:00:00','2025-03-31 08:00:00',4,3),(710,'2025-03-31 08:30:00','2025-03-31 09:30:00',4,2),(711,'2025-03-31 12:00:00','2025-03-31 13:00:00',2,4),(712,'2025-03-31 16:00:00','2025-03-31 17:00:00',5,1),(713,'2025-03-31 17:30:00','2025-03-31 18:30:00',4,3),(714,'2025-04-01 05:30:00','2025-04-01 06:30:00',1,2),(715,'2025-04-01 07:00:00','2025-04-01 08:00:00',1,4),(716,'2025-04-01 08:30:00','2025-04-01 09:30:00',5,4),(717,'2025-04-01 12:00:00','2025-04-01 13:00:00',3,7),(718,'2025-04-01 16:00:00','2025-04-01 17:00:00',2,3),(719,'2025-04-01 17:30:00','2025-04-01 18:30:00',2,2),(720,'2025-04-02 05:30:00','2025-04-02 06:30:00',3,1),(721,'2025-04-02 07:00:00','2025-04-02 08:00:00',3,7),(722,'2025-04-02 08:30:00','2025-04-02 09:30:00',3,7),(723,'2025-04-02 12:00:00','2025-04-02 13:00:00',4,4),(724,'2025-04-02 16:00:00','2025-04-02 17:00:00',4,1),(725,'2025-04-02 17:30:00','2025-04-02 18:30:00',4,5),(726,'2025-04-03 05:30:00','2025-04-03 06:30:00',3,2),(727,'2025-04-03 07:00:00','2025-04-03 08:00:00',2,3),(728,'2025-04-03 08:30:00','2025-04-03 09:30:00',4,1),(729,'2025-04-03 12:00:00','2025-04-03 13:00:00',3,6),(730,'2025-04-03 16:00:00','2025-04-03 17:00:00',5,3),(731,'2025-04-03 17:30:00','2025-04-03 18:30:00',5,6),(732,'2025-04-04 05:30:00','2025-04-04 06:30:00',4,7),(733,'2025-04-04 07:00:00','2025-04-04 08:00:00',5,3),(734,'2025-04-04 08:30:00','2025-04-04 09:30:00',1,7),(735,'2025-04-04 12:00:00','2025-04-04 13:00:00',4,5),(736,'2025-04-04 16:00:00','2025-04-04 17:00:00',3,1),(737,'2025-04-04 17:30:00','2025-04-04 18:30:00',1,2),(738,'2025-04-05 08:00:00','2025-04-05 09:00:00',3,3),(739,'2025-04-05 09:30:00','2025-04-05 10:30:00',1,2),(740,'2025-04-07 05:30:00','2025-04-07 06:30:00',4,6),(741,'2025-04-07 07:00:00','2025-04-07 08:00:00',3,2),(742,'2025-04-07 08:30:00','2025-04-07 09:30:00',5,3),(743,'2025-04-07 12:00:00','2025-04-07 13:00:00',2,6),(744,'2025-04-07 16:00:00','2025-04-07 17:00:00',2,4),(745,'2025-04-07 17:30:00','2025-04-07 18:30:00',2,7),(746,'2025-04-08 05:30:00','2025-04-08 06:30:00',4,3),(747,'2025-04-08 07:00:00','2025-04-08 08:00:00',2,7),(748,'2025-04-08 08:30:00','2025-04-08 09:30:00',3,7),(749,'2025-04-08 12:00:00','2025-04-08 13:00:00',3,3),(750,'2025-04-08 16:00:00','2025-04-08 17:00:00',5,2),(751,'2025-04-08 17:30:00','2025-04-08 18:30:00',2,2),(752,'2025-04-09 05:30:00','2025-04-09 06:30:00',2,1),(753,'2025-04-09 07:00:00','2025-04-09 08:00:00',4,6),(754,'2025-04-09 08:30:00','2025-04-09 09:30:00',2,5),(755,'2025-04-09 12:00:00','2025-04-09 13:00:00',3,6),(756,'2025-04-09 16:00:00','2025-04-09 17:00:00',4,4),(757,'2025-04-09 17:30:00','2025-04-09 18:30:00',1,3),(758,'2025-04-10 05:30:00','2025-04-10 06:30:00',2,5),(759,'2025-04-10 07:00:00','2025-04-10 08:00:00',2,6),(760,'2025-04-10 08:30:00','2025-04-10 09:30:00',1,5),(761,'2025-04-10 12:00:00','2025-04-10 13:00:00',5,2),(762,'2025-04-10 16:00:00','2025-04-10 17:00:00',5,1),(763,'2025-04-10 17:30:00','2025-04-10 18:30:00',5,5),(764,'2025-04-11 05:30:00','2025-04-11 06:30:00',3,7),(765,'2025-04-11 07:00:00','2025-04-11 08:00:00',3,2),(766,'2025-04-11 08:30:00','2025-04-11 09:30:00',5,1),(767,'2025-04-11 12:00:00','2025-04-11 13:00:00',3,6),(768,'2025-04-11 16:00:00','2025-04-11 17:00:00',2,3),(769,'2025-04-11 17:30:00','2025-04-11 18:30:00',2,4),(770,'2025-04-12 08:00:00','2025-04-12 09:00:00',2,5),(771,'2025-04-12 09:30:00','2025-04-12 10:30:00',2,1),(772,'2025-04-14 05:30:00','2025-04-14 06:30:00',5,1),(773,'2025-04-14 07:00:00','2025-04-14 08:00:00',4,7),(774,'2025-04-14 08:30:00','2025-04-14 09:30:00',2,7),(775,'2025-04-14 12:00:00','2025-04-14 13:00:00',5,4),(776,'2025-04-14 16:00:00','2025-04-14 17:00:00',3,6),(777,'2025-04-14 17:30:00','2025-04-14 18:30:00',5,3),(778,'2025-04-15 05:30:00','2025-04-15 06:30:00',1,3),(779,'2025-04-15 07:00:00','2025-04-15 08:00:00',3,2),(780,'2025-04-15 08:30:00','2025-04-15 09:30:00',4,1),(781,'2025-04-15 12:00:00','2025-04-15 13:00:00',2,5),(782,'2025-04-15 16:00:00','2025-04-15 17:00:00',3,2),(783,'2025-04-15 17:30:00','2025-04-15 18:30:00',5,4),(784,'2025-04-16 05:30:00','2025-04-16 06:30:00',1,3),(785,'2025-04-16 07:00:00','2025-04-16 08:00:00',2,6),(786,'2025-04-16 08:30:00','2025-04-16 09:30:00',5,6),(787,'2025-04-16 12:00:00','2025-04-16 13:00:00',1,1),(788,'2025-04-16 16:00:00','2025-04-16 17:00:00',1,2),(789,'2025-04-16 17:30:00','2025-04-16 18:30:00',2,2),(790,'2025-04-17 05:30:00','2025-04-17 06:30:00',5,7),(791,'2025-04-17 07:00:00','2025-04-17 08:00:00',3,6),(792,'2025-04-17 08:30:00','2025-04-17 09:30:00',1,2),(793,'2025-04-17 12:00:00','2025-04-17 13:00:00',1,6),(794,'2025-04-17 16:00:00','2025-04-17 17:00:00',4,6),(795,'2025-04-17 17:30:00','2025-04-17 18:30:00',2,4),(796,'2025-04-18 05:30:00','2025-04-18 06:30:00',3,6),(797,'2025-04-18 07:00:00','2025-04-18 08:00:00',3,2),(798,'2025-04-18 08:30:00','2025-04-18 09:30:00',2,3),(799,'2025-04-18 12:00:00','2025-04-18 13:00:00',3,3),(800,'2025-04-18 16:00:00','2025-04-18 17:00:00',3,3),(801,'2025-04-18 17:30:00','2025-04-18 18:30:00',3,1),(802,'2025-04-19 08:00:00','2025-04-19 09:00:00',3,2),(803,'2025-04-19 09:30:00','2025-04-19 10:30:00',5,7),(804,'2025-04-21 05:30:00','2025-04-21 06:30:00',5,6),(805,'2025-04-21 07:00:00','2025-04-21 08:00:00',3,6),(806,'2025-04-21 08:30:00','2025-04-21 09:30:00',5,2),(807,'2025-04-21 12:00:00','2025-04-21 13:00:00',1,5),(808,'2025-04-21 16:00:00','2025-04-21 17:00:00',1,3),(809,'2025-04-21 17:30:00','2025-04-21 18:30:00',4,1),(810,'2025-04-22 05:30:00','2025-04-22 06:30:00',1,3),(811,'2025-04-22 07:00:00','2025-04-22 08:00:00',2,4),(812,'2025-04-22 08:30:00','2025-04-22 09:30:00',2,3),(813,'2025-04-22 12:00:00','2025-04-22 13:00:00',5,3),(814,'2025-04-22 16:00:00','2025-04-22 17:00:00',2,3),(815,'2025-04-22 17:30:00','2025-04-22 18:30:00',5,3),(816,'2025-04-23 05:30:00','2025-04-23 06:30:00',4,5),(817,'2025-04-23 07:00:00','2025-04-23 08:00:00',3,7),(818,'2025-04-23 08:30:00','2025-04-23 09:30:00',4,4),(819,'2025-04-23 12:00:00','2025-04-23 13:00:00',2,5),(820,'2025-04-23 16:00:00','2025-04-23 17:00:00',4,4),(821,'2025-04-23 17:30:00','2025-04-23 18:30:00',5,2),(822,'2025-04-24 05:30:00','2025-04-24 06:30:00',4,7),(823,'2025-04-24 07:00:00','2025-04-24 08:00:00',2,3),(824,'2025-04-24 08:30:00','2025-04-24 09:30:00',1,3),(825,'2025-04-24 12:00:00','2025-04-24 13:00:00',5,6),(826,'2025-04-24 16:00:00','2025-04-24 17:00:00',3,5),(827,'2025-04-24 17:30:00','2025-04-24 18:30:00',2,4),(828,'2025-04-25 05:30:00','2025-04-25 06:30:00',4,7),(829,'2025-04-25 07:00:00','2025-04-25 08:00:00',1,4),(830,'2025-04-25 08:30:00','2025-04-25 09:30:00',3,1),(831,'2025-04-25 12:00:00','2025-04-25 13:00:00',3,5),(832,'2025-04-25 16:00:00','2025-04-25 17:00:00',3,3),(833,'2025-04-25 17:30:00','2025-04-25 18:30:00',5,7),(834,'2025-04-26 08:00:00','2025-04-26 09:00:00',3,4),(835,'2025-04-26 09:30:00','2025-04-26 10:30:00',4,1),(836,'2025-04-28 05:30:00','2025-04-28 06:30:00',1,2),(837,'2025-04-28 07:00:00','2025-04-28 08:00:00',1,2),(838,'2025-04-28 08:30:00','2025-04-28 09:30:00',3,4),(839,'2025-04-28 12:00:00','2025-04-28 13:00:00',3,6),(840,'2025-04-28 16:00:00','2025-04-28 17:00:00',1,3),(841,'2025-04-28 17:30:00','2025-04-28 18:30:00',1,3),(842,'2025-04-29 05:30:00','2025-04-29 06:30:00',4,4),(843,'2025-04-29 07:00:00','2025-04-29 08:00:00',3,3),(844,'2025-04-29 08:30:00','2025-04-29 09:30:00',5,6),(845,'2025-04-29 12:00:00','2025-04-29 13:00:00',3,4),(846,'2025-04-29 16:00:00','2025-04-29 17:00:00',4,2),(847,'2025-04-29 17:30:00','2025-04-29 18:30:00',1,2),(848,'2025-04-30 05:30:00','2025-04-30 06:30:00',4,7),(849,'2025-04-30 07:00:00','2025-04-30 08:00:00',2,5),(850,'2025-04-30 08:30:00','2025-04-30 09:30:00',4,1),(851,'2025-04-30 12:00:00','2025-04-30 13:00:00',4,4),(852,'2025-04-30 16:00:00','2025-04-30 17:00:00',2,5),(853,'2025-04-30 17:30:00','2025-04-30 18:30:00',5,7),(854,'2025-05-01 05:30:00','2025-05-01 06:30:00',4,1),(855,'2025-05-01 07:00:00','2025-05-01 08:00:00',4,7),(856,'2025-05-01 08:30:00','2025-05-01 09:30:00',1,7),(857,'2025-05-01 12:00:00','2025-05-01 13:00:00',1,3),(858,'2025-05-01 16:00:00','2025-05-01 17:00:00',3,6),(859,'2025-05-01 17:30:00','2025-05-01 18:30:00',1,1),(860,'2025-05-02 05:30:00','2025-05-02 06:30:00',3,3),(861,'2025-05-02 07:00:00','2025-05-02 08:00:00',3,4),(862,'2025-05-02 08:30:00','2025-05-02 09:30:00',4,4),(863,'2025-05-02 12:00:00','2025-05-02 13:00:00',2,1),(864,'2025-05-02 16:00:00','2025-05-02 17:00:00',3,5),(865,'2025-05-02 17:30:00','2025-05-02 18:30:00',4,5),(866,'2025-05-03 08:00:00','2025-05-03 09:00:00',4,6),(867,'2025-05-03 09:30:00','2025-05-03 10:30:00',3,6),(868,'2025-05-05 05:30:00','2025-05-05 06:30:00',4,5),(869,'2025-05-05 07:00:00','2025-05-05 08:00:00',4,2),(870,'2025-05-05 08:30:00','2025-05-05 09:30:00',4,1),(871,'2025-05-05 12:00:00','2025-05-05 13:00:00',2,7),(872,'2025-05-05 16:00:00','2025-05-05 17:00:00',5,2),(873,'2025-05-05 17:30:00','2025-05-05 18:30:00',1,2),(874,'2025-05-06 05:30:00','2025-05-06 06:30:00',5,2),(875,'2025-05-06 07:00:00','2025-05-06 08:00:00',2,6),(876,'2025-05-06 08:30:00','2025-05-06 09:30:00',4,6),(877,'2025-05-06 12:00:00','2025-05-06 13:00:00',4,3),(878,'2025-05-06 16:00:00','2025-05-06 17:00:00',5,6),(879,'2025-05-06 17:30:00','2025-05-06 18:30:00',5,2),(880,'2025-05-07 05:30:00','2025-05-07 06:30:00',2,4),(881,'2025-05-07 07:00:00','2025-05-07 08:00:00',2,2),(882,'2025-05-07 08:30:00','2025-05-07 09:30:00',3,5),(883,'2025-05-07 12:00:00','2025-05-07 13:00:00',1,1),(884,'2025-05-07 16:00:00','2025-05-07 17:00:00',4,6),(885,'2025-05-07 17:30:00','2025-05-07 18:30:00',4,3),(886,'2025-05-08 05:30:00','2025-05-08 06:30:00',1,4),(887,'2025-05-08 07:00:00','2025-05-08 08:00:00',5,6),(888,'2025-05-08 08:30:00','2025-05-08 09:30:00',2,4),(889,'2025-05-08 12:00:00','2025-05-08 13:00:00',3,5),(890,'2025-05-08 16:00:00','2025-05-08 17:00:00',1,5),(891,'2025-05-08 17:30:00','2025-05-08 18:30:00',5,3),(892,'2025-05-09 05:30:00','2025-05-09 06:30:00',1,3),(893,'2025-05-09 07:00:00','2025-05-09 08:00:00',4,3),(894,'2025-05-09 08:30:00','2025-05-09 09:30:00',3,6),(895,'2025-05-09 12:00:00','2025-05-09 13:00:00',3,6),(896,'2025-05-09 16:00:00','2025-05-09 17:00:00',3,2),(897,'2025-05-09 17:30:00','2025-05-09 18:30:00',2,1),(898,'2025-05-10 08:00:00','2025-05-10 09:00:00',5,2),(899,'2025-05-10 09:30:00','2025-05-10 10:30:00',4,3),(900,'2025-05-12 05:30:00','2025-05-12 06:30:00',5,3),(901,'2025-05-12 07:00:00','2025-05-12 08:00:00',4,2),(902,'2025-05-12 08:30:00','2025-05-12 09:30:00',2,1),(903,'2025-05-12 12:00:00','2025-05-12 13:00:00',3,4),(904,'2025-05-12 16:00:00','2025-05-12 17:00:00',3,1),(905,'2025-05-12 17:30:00','2025-05-12 18:30:00',2,1),(906,'2025-05-13 05:30:00','2025-05-13 06:30:00',2,6),(907,'2025-05-13 07:00:00','2025-05-13 08:00:00',4,7),(908,'2025-05-13 08:30:00','2025-05-13 09:30:00',5,4),(909,'2025-05-13 12:00:00','2025-05-13 13:00:00',4,2),(910,'2025-05-13 16:00:00','2025-05-13 17:00:00',5,3),(911,'2025-05-13 17:30:00','2025-05-13 18:30:00',4,5),(912,'2025-05-14 05:30:00','2025-05-14 06:30:00',4,6),(913,'2025-05-14 07:00:00','2025-05-14 08:00:00',4,6),(914,'2025-05-14 08:30:00','2025-05-14 09:30:00',2,4),(915,'2025-05-14 12:00:00','2025-05-14 13:00:00',3,4),(916,'2025-05-14 16:00:00','2025-05-14 17:00:00',2,3),(917,'2025-05-14 17:30:00','2025-05-14 18:30:00',2,7),(918,'2025-05-15 05:30:00','2025-05-15 06:30:00',3,5),(919,'2025-05-15 07:00:00','2025-05-15 08:00:00',3,1),(920,'2025-05-15 08:30:00','2025-05-15 09:30:00',2,1),(921,'2025-05-15 12:00:00','2025-05-15 13:00:00',4,2),(922,'2025-05-15 16:00:00','2025-05-15 17:00:00',1,3),(923,'2025-05-15 17:30:00','2025-05-15 18:30:00',1,5),(924,'2025-05-16 05:30:00','2025-05-16 06:30:00',4,4),(925,'2025-05-16 07:00:00','2025-05-16 08:00:00',3,3),(926,'2025-05-16 08:30:00','2025-05-16 09:30:00',4,2),(927,'2025-05-16 12:00:00','2025-05-16 13:00:00',1,7),(928,'2025-05-16 16:00:00','2025-05-16 17:00:00',1,4),(929,'2025-05-16 17:30:00','2025-05-16 18:30:00',4,6),(930,'2025-05-17 08:00:00','2025-05-17 09:00:00',5,2),(931,'2025-05-17 09:30:00','2025-05-17 10:30:00',3,7),(932,'2025-05-19 05:30:00','2025-05-19 06:30:00',5,3),(933,'2025-05-19 07:00:00','2025-05-19 08:00:00',3,3),(934,'2025-05-19 08:30:00','2025-05-19 09:30:00',2,6),(935,'2025-05-19 12:00:00','2025-05-19 13:00:00',3,4),(936,'2025-05-19 16:00:00','2025-05-19 17:00:00',4,1),(937,'2025-05-19 17:30:00','2025-05-19 18:30:00',4,2),(938,'2025-05-20 05:30:00','2025-05-20 06:30:00',1,2),(939,'2025-05-20 07:00:00','2025-05-20 08:00:00',5,3),(940,'2025-05-20 08:30:00','2025-05-20 09:30:00',4,3),(941,'2025-05-20 12:00:00','2025-05-20 13:00:00',2,3),(942,'2025-05-20 16:00:00','2025-05-20 17:00:00',2,2),(943,'2025-05-20 17:30:00','2025-05-20 18:30:00',3,5),(944,'2025-05-21 05:30:00','2025-05-21 06:30:00',2,5),(945,'2025-05-21 07:00:00','2025-05-21 08:00:00',3,5),(946,'2025-05-21 08:30:00','2025-05-21 09:30:00',1,1),(947,'2025-05-21 12:00:00','2025-05-21 13:00:00',1,2),(948,'2025-05-21 16:00:00','2025-05-21 17:00:00',2,5),(949,'2025-05-21 17:30:00','2025-05-21 18:30:00',2,6),(950,'2025-05-22 05:30:00','2025-05-22 06:30:00',5,4),(951,'2025-05-22 07:00:00','2025-05-22 08:00:00',2,1),(952,'2025-05-22 08:30:00','2025-05-22 09:30:00',2,2),(953,'2025-05-22 12:00:00','2025-05-22 13:00:00',4,7),(954,'2025-05-22 16:00:00','2025-05-22 17:00:00',2,2),(955,'2025-05-22 17:30:00','2025-05-22 18:30:00',5,1),(956,'2025-05-23 05:30:00','2025-05-23 06:30:00',3,5),(957,'2025-05-23 07:00:00','2025-05-23 08:00:00',4,5),(958,'2025-05-23 08:30:00','2025-05-23 09:30:00',5,1),(959,'2025-05-23 12:00:00','2025-05-23 13:00:00',2,6),(960,'2025-05-23 16:00:00','2025-05-23 17:00:00',2,5),(961,'2025-05-23 17:30:00','2025-05-23 18:30:00',2,6),(962,'2025-05-24 08:00:00','2025-05-24 09:00:00',3,6),(963,'2025-05-24 09:30:00','2025-05-24 10:30:00',2,6),(964,'2025-05-26 05:30:00','2025-05-26 06:30:00',5,2),(965,'2025-05-26 07:00:00','2025-05-26 08:00:00',5,7),(966,'2025-05-26 08:30:00','2025-05-26 09:30:00',5,4),(967,'2025-05-26 12:00:00','2025-05-26 13:00:00',4,4),(968,'2025-05-26 16:00:00','2025-05-26 17:00:00',1,5),(969,'2025-05-26 17:30:00','2025-05-26 18:30:00',4,6),(970,'2025-05-27 05:30:00','2025-05-27 06:30:00',2,1),(971,'2025-05-27 07:00:00','2025-05-27 08:00:00',3,1),(972,'2025-05-27 08:30:00','2025-05-27 09:30:00',2,4),(973,'2025-05-27 12:00:00','2025-05-27 13:00:00',2,7),(974,'2025-05-27 16:00:00','2025-05-27 17:00:00',1,5),(975,'2025-05-27 17:30:00','2025-05-27 18:30:00',4,4),(976,'2025-05-28 05:30:00','2025-05-28 06:30:00',1,6),(977,'2025-05-28 07:00:00','2025-05-28 08:00:00',2,7),(978,'2025-05-28 08:30:00','2025-05-28 09:30:00',2,3),(979,'2025-05-28 12:00:00','2025-05-28 13:00:00',2,3),(980,'2025-05-28 16:00:00','2025-05-28 17:00:00',2,5),(981,'2025-05-28 17:30:00','2025-05-28 18:30:00',4,2),(982,'2025-05-29 05:30:00','2025-05-29 06:30:00',3,5),(983,'2025-05-29 07:00:00','2025-05-29 08:00:00',5,7),(984,'2025-05-29 08:30:00','2025-05-29 09:30:00',2,6),(985,'2025-05-29 12:00:00','2025-05-29 13:00:00',4,3),(986,'2025-05-29 16:00:00','2025-05-29 17:00:00',4,4),(987,'2025-05-29 17:30:00','2025-05-29 18:30:00',3,1),(988,'2025-05-30 05:30:00','2025-05-30 06:30:00',5,2),(989,'2025-05-30 07:00:00','2025-05-30 08:00:00',3,5),(990,'2025-05-30 08:30:00','2025-05-30 09:30:00',1,5),(991,'2025-05-30 12:00:00','2025-05-30 13:00:00',4,6),(992,'2025-05-30 16:00:00','2025-05-30 17:00:00',3,1),(993,'2025-05-30 17:30:00','2025-05-30 18:30:00',3,5),(994,'2025-05-31 08:00:00','2025-05-31 09:00:00',1,3),(995,'2025-05-31 09:30:00','2025-05-31 10:30:00',1,2);
/*!40000 ALTER TABLE `classes` ENABLE KEYS */;
UNLOCK TABLES;

--
-- Table structure for table `coaches`
--

DROP TABLE IF EXISTS `coaches`;
/*!40101 SET @saved_cs_client     = @@character_set_client */;
/*!50503 SET character_set_client = utf8mb4 */;
CREATE TABLE `coaches` (
  `id` int NOT NULL AUTO_INCREMENT,
  `name` varchar(100) NOT NULL,
  `specialty` varchar(100) DEFAULT NULL,
  PRIMARY KEY (`id`)
) ENGINE=InnoDB AUTO_INCREMENT=6 DEFAULT CHARSET=utf8mb4 COLLATE=utf8mb4_0900_ai_ci;
/*!40101 SET character_set_client = @saved_cs_client */;

--
-- Dumping data for table `coaches`
--

LOCK TABLES `coaches` WRITE;
/*!40000 ALTER TABLE `coaches` DISABLE KEYS */;
INSERT INTO `coaches` VALUES (1,'John Doe','Strength Training'),(2,'Jane Smith','Yoga'),(3,'Mike Johnson','Cardio Fitness'),(4,'Emily Davis','Nutrition Coaching'),(5,'David Green','Pilates');
/*!40000 ALTER TABLE `coaches` ENABLE KEYS */;
UNLOCK TABLES;

--
-- Table structure for table `membership_remaining`
--

DROP TABLE IF EXISTS `membership_remaining`;
/*!40101 SET @saved_cs_client     = @@character_set_client */;
/*!50503 SET character_set_client = utf8mb4 */;
CREATE TABLE `membership_remaining` (
  `id` int NOT NULL AUTO_INCREMENT,
  `user_id` int NOT NULL,
  `days_remaining` int NOT NULL DEFAULT '0',
  PRIMARY KEY (`id`),
  KEY `user_id` (`user_id`),
  CONSTRAINT `membership_remaining_ibfk_1` FOREIGN KEY (`user_id`) REFERENCES `users` (`id`)
) ENGINE=InnoDB AUTO_INCREMENT=19 DEFAULT CHARSET=utf8mb4 COLLATE=utf8mb4_0900_ai_ci;
/*!40101 SET character_set_client = @saved_cs_client */;

--
-- Dumping data for table `membership_remaining`
--

LOCK TABLES `membership_remaining` WRITE;
/*!40000 ALTER TABLE `membership_remaining` DISABLE KEYS */;
INSERT INTO `membership_remaining` VALUES (1,2,2),(6,1,4);
/*!40000 ALTER TABLE `membership_remaining` ENABLE KEYS */;
UNLOCK TABLES;

--
-- Table structure for table `membership_type`
--

DROP TABLE IF EXISTS `membership_type`;
/*!40101 SET @saved_cs_client     = @@character_set_client */;
/*!50503 SET character_set_client = utf8mb4 */;
CREATE TABLE `membership_type` (
  `id` int NOT NULL AUTO_INCREMENT,
  `type` varchar(255) NOT NULL,
  `max_classes_per_month` int NOT NULL,
  PRIMARY KEY (`id`)
) ENGINE=InnoDB AUTO_INCREMENT=4 DEFAULT CHARSET=utf8mb4 COLLATE=utf8mb4_0900_ai_ci;
/*!40101 SET character_set_client = @saved_cs_client */;

--
-- Dumping data for table `membership_type`
--

LOCK TABLES `membership_type` WRITE;
/*!40000 ALTER TABLE `membership_type` DISABLE KEYS */;
INSERT INTO `membership_type` VALUES (1,'Basic Membership',12),(2,'Plus Membership',16),(3,'Unlimited Membership',999);
/*!40000 ALTER TABLE `membership_type` ENABLE KEYS */;
UNLOCK TABLES;

--
-- Table structure for table `users`
--

DROP TABLE IF EXISTS `users`;
/*!40101 SET @saved_cs_client     = @@character_set_client */;
/*!50503 SET character_set_client = utf8mb4 */;
CREATE TABLE `users` (
  `id` int NOT NULL AUTO_INCREMENT,
  `firstname` varchar(50) NOT NULL,
  `lastname` varchar(50) NOT NULL,
  `email` varchar(75) NOT NULL,
  `password` varchar(255) NOT NULL,
  `membership_id` int NOT NULL,
  `signup_date` datetime DEFAULT CURRENT_TIMESTAMP,
  PRIMARY KEY (`id`),
  UNIQUE KEY `email_UNIQUE` (`email`),
  KEY `users_ibfk_1` (`membership_id`),
  CONSTRAINT `users_ibfk_1` FOREIGN KEY (`membership_id`) REFERENCES `membership_type` (`id`)
) ENGINE=InnoDB AUTO_INCREMENT=20 DEFAULT CHARSET=utf8mb4 COLLATE=utf8mb4_0900_ai_ci;
/*!40101 SET character_set_client = @saved_cs_client */;

--
-- Dumping data for table `users`
--

LOCK TABLES `users` WRITE;
/*!40000 ALTER TABLE `users` DISABLE KEYS */;
INSERT INTO `users` VALUES (1,'John','Doe','john@email.com','$2b$10$Ni6tTF.4..UIuKzmvzTeUu5NwBa1PyWMKNEzrEgZ5zBY4E/0k.COS',1,'2024-11-21 20:54:21'),(2,'Jane','Doe','jane@email.com','$2b$10$757GBziXSFdngLRUZNv4kuyqlM7B5pxuEB/RBegQ4.vM0kQELiJ86',2,'2024-11-21 20:55:44');
/*!40000 ALTER TABLE `users` ENABLE KEYS */;
UNLOCK TABLES;
/*!40103 SET TIME_ZONE=@OLD_TIME_ZONE */;

/*!40101 SET SQL_MODE=@OLD_SQL_MODE */;
/*!40014 SET FOREIGN_KEY_CHECKS=@OLD_FOREIGN_KEY_CHECKS */;
/*!40014 SET UNIQUE_CHECKS=@OLD_UNIQUE_CHECKS */;
/*!40101 SET CHARACTER_SET_CLIENT=@OLD_CHARACTER_SET_CLIENT */;
/*!40101 SET CHARACTER_SET_RESULTS=@OLD_CHARACTER_SET_RESULTS */;
/*!40101 SET COLLATION_CONNECTION=@OLD_COLLATION_CONNECTION */;
/*!40111 SET SQL_NOTES=@OLD_SQL_NOTES */;

-- Dump completed on 2025-01-16 17:36:11
